"0","mostdislike <- vids[vids$dislikes == max(vids$dislikes), ]"
"0","#mostdislike"
"0","logan <- vids[vids$channel_title == 'Logan Paul Vlogs', ""title""]"
"0","logan"
"1"," [1]"
"1"," ""Logan Paul - SANTA DISS TRACK (Official Music Video)"""
"1","
"
"1"," [2]"
"1"," ""Logan Paul - SANTA DISS TRACK (Official Music Video)"""
"1","
"
"1"," [3]"
"1"," ""Logan Paul - SANTA DISS TRACK (Official Music Video)"""
"1","
"
"1"," [4]"
"1"," ""Logan Paul - SANTA DISS TRACK (Official Music Video)"""
"1","
"
"1"," [5]"
"1"," ""Logan Paul - SANTA DISS TRACK (Official Music Video)"""
"1","
"
"1"," [6]"
"1"," ""Logan Paul - SANTA DISS TRACK (Official Music Video)"""
"1","
"
"1"," [7]"
"1"," ""Logan Paul - SANTA DISS TRACK (Official Music Video)"""
"1","
"
"1"," [8]"
"1"," ""So Sorry.""                                           "
"1","
"
"1"," [9]"
"1"," ""So Sorry.""                                           "
"1","
"
"1","[10]"
"1"," ""So Sorry.""                                           "
"1","
"
"1","[11]"
"1"," ""So Sorry.""                                           "
"1","
"
"1","[12]"
"1"," ""So Sorry.""                                           "
"1","
"
"1","[13]"
"1"," ""So Sorry.""                                           "
"1","
"
"1","[14]"
"1"," ""So Sorry.""                                           "
"1","
"
